INSERT INTO Users(user_id, user_name, name, address, city, email, created_at) VALUES (1,'kathryn16', 'Mike Watson', 'PSC 6224, Box 8454', 'APO AP 35089', 'jwilliams@yahoo.com', '2015-05-29 05:49:30');
INSERT INTO Users(user_id, user_name, name, address, city, email, created_at) VALUES (2,'jennifer91', 'Ashley Nash', '062 Natasha Ways Suite 017', 'East Robert', 'chentammy@hotmail.com', '2018-08-06 02:54:58');
INSERT INTO Users(user_id, user_name, name, address, city, email, created_at) VALUES (3,'prattkatie', 'Danielle Mitchell', '6804 Sean Stream', 'South Maryfurt', 'hillkelly@yahoo.com', '2010-05-26 13:03:28');
INSERT INTO Users(user_id, user_name, name, address, city, email, created_at) VALUES (4,'robinsonchristopher', 'Joel Munoz', '235 Matthew Plains Suite 061', 'North Steventown', 'gary35@yahoo.com', '2017-05-25 04:58:29');
INSERT INTO Users(user_id, user_name, name, address, city, email, created_at) VALUES (5,'dawn62', 'Alexander Miller', '65129 Young Fords Apt. 954', 'Lake Darren', 'matthew66@gmail.com', '2015-10-22 05:19:00');
INSERT INTO Users(user_id, user_name, name, address, city, email, created_at) VALUES (6,'kenneth32', 'Paul Meza', '327 Rodriguez Forges', 'Sierraside', 'thomas32@gmail.com', '2011-01-03 20:13:56');
INSERT INTO Users(user_id, user_name, name, address, city, email, created_at) VALUES (7,'mccormicktonya', 'Jonathan Miller', '7550 Erik Lakes', 'North Jeffreybury', 'mark28@yahoo.com', '2010-08-29 12:45:14');
INSERT INTO Users(user_id, user_name, name, address, city, email, created_at) VALUES (8,'wthomas', 'Susan Little', 'Unit 4402 Box 7640', 'DPO AA 96939', 'ztaylor@yahoo.com', '2014-09-27 08:05:29');
INSERT INTO Users(user_id, user_name, name, address, city, email, created_at) VALUES (9,'melaniehernandez', 'Patrick Andrade', '829 Gina Point', 'Ashleymouth', 'john12@hotmail.com', '2017-09-19 01:16:49');
INSERT INTO Users(user_id, user_name, name, address, city, email, created_at) VALUES (10,'gabrielle37', 'Karen Wyatt', 'USNV Allen', 'FPO AA 26663', 'jon62@yahoo.com', '2016-09-01 10:49:05');
INSERT INTO Users(user_id, user_name, name, address, city, email, created_at) VALUES (11,'michael08', 'Aaron Brooks', '0973 Angela Ferry', 'Aprilport', 'kstewart@gmail.com', '2010-12-21 02:27:36');
INSERT INTO Users(user_id, user_name, name, address, city, email, created_at) VALUES (12,'erinrichmond', 'James Howell', '5635 Thompson Land Apt. 690', 'New Isaacville', 'scottmelissa@gmail.com', '2013-10-14 22:19:32');
INSERT INTO Users(user_id, user_name, name, address, city, email, created_at) VALUES (13,'amylawson', 'Kimberly Lopez', '9916 Sarah Burgs Apt. 035', 'Tarafort', 'luke55@gmail.com', '2010-03-30 08:21:48');
INSERT INTO Users(user_id, user_name, name, address, city, email, created_at) VALUES (14,'bcasey', 'Deborah Villa', '5886 Jesus Lock Apt. 230', 'Port Christine', 'reynoldsrenee@gmail.com', '2015-03-05 06:32:32');
INSERT INTO Users(user_id, user_name, name, address, city, email, created_at) VALUES (15,'oglenn', 'Keith Kelly', '85145 Kevin Oval Apt. 588', 'Norrisview', 'sabrinaharvey@yahoo.com', '2015-03-04 21:30:07');
INSERT INTO Users(user_id, user_name, name, address, city, email, created_at) VALUES (16,'dianemoran', 'Karen Herring', '1898 Danny Neck', 'Hallton', 'wallacekaitlin@yahoo.com', '2013-03-03 19:58:40');
INSERT INTO Users(user_id, user_name, name, address, city, email, created_at) VALUES (17,'kylie54', 'Marissa Newman', '01071 Shelly Village Apt. 725', 'Lake Gordonside', 'oroberson@hotmail.com', '2014-09-21 12:50:24');
INSERT INTO Users(user_id, user_name, name, address, city, email, created_at) VALUES (18,'mtyler', 'Brenda Burch', '401 Johnson Dam', 'Williamschester', 'woodwardamy@hotmail.com', '2019-02-07 04:17:02');
INSERT INTO Users(user_id, user_name, name, address, city, email, created_at) VALUES (19,'simmonschelsea', 'Judy Patterson', '211 Stevens Crossroad', 'Lake Lynn', 'medinadonald@hotmail.com', '2011-06-20 03:51:32');
INSERT INTO Users(user_id, user_name, name, address, city, email, created_at) VALUES (20,'alexander13', 'Natalie Sherman', '034 Corey Lake', 'Hooverside', 'jeffrey64@yahoo.com', '2016-02-27 21:55:14');
INSERT INTO Users(user_id, user_name, name, address, city, email, created_at) VALUES (21,'rnash', 'Donna Ross', '8951 Dwayne Causeway', 'Michaelside', 'glendamckenzie@yahoo.com', '2011-01-05 00:17:27');
INSERT INTO Users(user_id, user_name, name, address, city, email, created_at) VALUES (22,'sfisher', 'John Lozano', '0050 Adams Passage Suite 639', 'Lake Stephanieshire', 'hortega@hotmail.com', '2019-09-10 19:51:39');
INSERT INTO Users(user_id, user_name, name, address, city, email, created_at) VALUES (23,'julie08', 'Lisa Ramirez', '04804 Aguilar Dale', 'Chungmouth', 'helen29@gmail.com', '2016-01-30 07:18:11');
INSERT INTO Users(user_id, user_name, name, address, city, email, created_at) VALUES (24,'tcook', 'Dennis Black', '570 Harding Junction', 'North Robinburgh', 'peter68@yahoo.com', '2018-01-15 15:25:51');
INSERT INTO Users(user_id, user_name, name, address, city, email, created_at) VALUES (25,'tyler32', 'Jordan Robinson', '05903 Jennifer Plains Apt. 250', 'Michaelhaven', 'keithcarter@hotmail.com', '2012-11-23 13:44:02');
INSERT INTO Groups(group_id, user_id, group_name, description, created_at) VALUES (1, 7, 'Gold Place Group', 'Rock power science rather strategy but law. Public threat I send base cultural direction. Treat machine discover kitchen write wonder focus arm. Soon friend week save religious down only. Manage close good inside.', '2015-03-16 10:17:33');
INSERT INTO Groups(group_id, user_id, group_name, description, created_at) VALUES (2, 21, 'Fat Apple Fans', 'Professional especially room actually. Amount participant policy seat those smile generation. Black size recognize method about computer. Fast claim Mr organization teach check hospital list. Way save partner able chance. Model clearly population soldier task. Network management beyond east professor factor.', '2018-11-08 14:00:30');
INSERT INTO Groups(group_id, user_id, group_name, description, created_at) VALUES (3, 6, 'Board Lady Team', 'As special rate police easy fight. When together too later. Outside continue single exist many. Film material debate. To ready well act parent tell city. Determine high reach doctor success. Spring find tax game skill quite.', '2015-04-27 20:35:25');
INSERT INTO Groups(group_id, user_id, group_name, description, created_at) VALUES (4, 21, 'Pair Reply Fans', 'Bill television alone air give table child point. Plan sense street. Next professor environmental wear.', '2016-11-26 15:22:13');
INSERT INTO Groups(group_id, user_id, group_name, description, created_at) VALUES (5, 6, 'Great Name Group', 'Arrive interest rest surface a. Test with service not here economic already.', '2018-10-18 21:38:28');
INSERT INTO Interests(interest_id, interest_name) VALUES (1, 'Crochet');
INSERT INTO Interests(interest_id, interest_name) VALUES (2, 'Motorcycles');
INSERT INTO Interests(interest_id, interest_name) VALUES (3, 'Cricket');
INSERT INTO Interests(interest_id, interest_name) VALUES (4, 'Geocaching');
INSERT INTO Interests(interest_id, interest_name) VALUES (5, 'Surfing');
INSERT INTO Interests(interest_id, interest_name) VALUES (6, 'Iceskating');
INSERT INTO Interests(interest_id, interest_name) VALUES (7, 'Nail Art');
INSERT INTO Interests(interest_id, interest_name) VALUES (8, 'Robotics');
INSERT INTO Interests(interest_id, interest_name) VALUES (9, 'Ultimate Frisbee');
INSERT INTO Interests(interest_id, interest_name) VALUES (10, 'Badminton');
INSERT INTO Events(event_id, user_id, event_name, description, created_at, event_start, event_end, address, city) VALUES (1, 9, 'Airsoft Maintaining', 'Food focus how three. Never hundred ready door stand.','2015-03-18 01:22:31','2015-05-27 10:27:48','2017-01-02 15:25:32','00129 Thomas Road Apt. 514','New Reginachester');
INSERT INTO Events(event_id, user_id, event_name, description, created_at, event_start, event_end, address, city) VALUES (2, 1, 'Learning A Foreign Language Possessing', 'Cultural reflect work glass too fund learn. Smile activity apply clear war explain poor family. Network world arrive.','2019-08-11 07:44:20','2019-09-22 03:01:26','2019-11-15 11:22:08','51522 James Extension Apt. 710','Collinsfurt');
INSERT INTO Events(event_id, group_id, event_name, description, created_at, event_start, event_end, address, city) VALUES (3, 3, 'Racquetball Driping', 'Garden wear mean owner face. Little matter direction.','2010-04-14 07:08:34','2015-08-01 06:48:49','2015-12-24 15:58:47','4003 Jonathan Spurs','New Jessica');
INSERT INTO Events(event_id, user_id, event_name, description, created_at, event_start, event_end, address, city) VALUES (4, 12, 'Magic Daring', 'Price away check detail record onto president. Simply term pressure property. White dream concern rule major start teacher bill.','2012-02-18 02:17:56','2019-04-27 03:49:33','2019-05-31 08:34:19','8147 Reese Place','Dayhaven');
INSERT INTO Events(event_id, group_id, event_name, description, created_at, event_start, event_end, address, city) VALUES (5, 3, 'Socializing with friends/neighbors Organizing', 'Alone PM speech wait. Pay pay number lawyer manage act down piece.','2014-06-19 11:59:14','2015-01-18 01:32:42','2015-03-17 04:41:07','97033 Lopez Union','Christopherville');
INSERT INTO Events(event_id, group_id, event_name, description, created_at, event_start, event_end, address, city) VALUES (6, 4, 'Camping Doubting', 'This project today week. Service plant range increase whatever fast.','2014-02-12 07:43:39','2017-06-30 14:24:56','2018-10-16 05:45:47','61827 Eric Knolls','Samuelland');
INSERT INTO Events(event_id, user_id, event_name, description, created_at, event_start, event_end, address, city) VALUES (7, 5, 'Fishing Drowning', 'Factor sign test game. Fire note couple certain member.','2013-12-02 06:24:50','2019-06-19 13:50:40','2019-08-29 15:58:21','3279 Hurst Shores','Derrickview');
INSERT INTO Events(event_id, user_id, event_name, description, created_at, event_start, event_end, address, city) VALUES (8, 18, 'Polo Roting', 'Quite career focus friend help ahead large. More any box future.','2015-12-20 02:20:33','2017-07-21 11:23:54','2018-07-29 14:26:54','1198 Jennifer Highway Suite 079','Tammyfort');
INSERT INTO Events(event_id, user_id, event_name, description, created_at, event_start, event_end, address, city) VALUES (9, 12, 'Judo Summarizing', 'Investment consider senior author mother.','2016-08-24 02:11:17','2017-04-18 14:20:17','2018-01-05 23:11:45','02117 York Alley Suite 415','Woodburgh');
INSERT INTO Events(event_id, user_id, event_name, description, created_at, event_start, event_end, address, city) VALUES (10, 5, 'Backpacking Diging', 'More minute figure receive model. Wind quickly ball last success rise back. Notice put understand degree ok water.','2015-10-26 19:31:07','2019-11-04 13:40:57','2019-11-15 06:45:06','15321 Holt Turnpike Apt. 060','East Billyport');
INSERT INTO Posts(post_id, user_id, event_id, content, created_at) VALUES (1, 23, 10, 'Report raise oil why stop. Material happy trade draw large available theory. Say order report baby yet measure gun.', '2013-10-16 05:50:47');
INSERT INTO Posts(post_id, user_id, event_id, content, created_at) VALUES (2, 2, 7, 'Determine space whom box some finally military. Street shoulder force such drive. Continue population personal beyond. Inside tree magazine ability woman again court.', '2012-09-08 08:38:35');
INSERT INTO Posts(post_id, user_id, event_id, content, created_at) VALUES (3, 15, 8, 'Door list more. Sort real Republican some space tell. Sense although capital both military exist actually.', '2015-02-20 11:19:41');
INSERT INTO Posts(post_id, user_id, group_id, content, created_at) VALUES (4, 24, 1, 'Product movie truth scientist get story where. Protect sort character. Respond according minute owner life.', '2011-02-19 00:19:42');
INSERT INTO Posts(post_id, user_id, event_id, content, created_at) VALUES (5, 10, 1, 'Successful close just nice to. Plant our interest personal cost film price. Beyond enter general. Story good student any newspaper image trade central.', '2010-07-19 18:05:36');
INSERT INTO Posts(post_id, user_id, event_id, content, created_at) VALUES (6, 18, 4, 'Address accept explain wrong say. Language through imagine situation act provide traditional employee. Anyone it break. Design professor simply compare understand.', '2013-01-31 22:38:20');
INSERT INTO Posts(post_id, user_id, event_id, content, created_at) VALUES (7, 17, 7, 'That help good month participant yourself. Always fast actually threat culture.', '2016-12-03 20:27:21');
INSERT INTO Posts(post_id, user_id, event_id, content, created_at) VALUES (8, 10, 10, 'Send cover which plant political set. Sea mission heart yourself whom deal sign. Top property manager staff thing relationship.', '2017-12-18 06:55:54');
INSERT INTO Posts(post_id, user_id, group_id, content, created_at) VALUES (9, 20, 4, 'May down value everyone quality south we.', '2010-07-18 16:40:54');
INSERT INTO Posts(post_id, user_id, event_id, content, created_at) VALUES (10, 2, 10, 'Clear increase wrong direction back box skin. Approach far analysis better hope.', '2015-01-04 02:52:17');
INSERT INTO Posts(post_id, user_id, event_id, content, created_at) VALUES (11, 3, 8, 'Responsibility card cell cell world save. Garden her might small subject. Technology admit program audience clearly.', '2013-02-10 10:41:42');
INSERT INTO Posts(post_id, user_id, group_id, content, created_at) VALUES (12, 6, 4, 'With down light over get cold question. Live Mr challenge stop provide represent. Like old south keep.', '2016-12-25 09:43:53');
INSERT INTO Posts(post_id, user_id, event_id, content, created_at) VALUES (13, 21, 8, 'Artist wait hit last be security simply. Growth left trouble indeed. Despite where guy both draw fire. Establish anyone third choice low enjoy. Indeed physical trouble else teach machine card.', '2016-03-01 10:43:12');
INSERT INTO Posts(post_id, user_id, group_id, content, created_at) VALUES (14, 3, 3, 'Whom newspaper leader. Throughout million official girl. Guess watch alone my foot per case.', '2019-01-21 11:38:48');
INSERT INTO Posts(post_id, user_id, group_id, content, created_at) VALUES (15, 24, 3, 'Pass section impact certainly gas. Contain hospital boy set camera.', '2017-04-28 14:38:50');
INSERT INTO Posts(post_id, user_id, group_id, content, created_at) VALUES (16, 24, 2, 'Democratic help leader piece quality.', '2015-02-02 03:11:23');
INSERT INTO Posts(post_id, user_id, event_id, content, created_at) VALUES (17, 9, 7, 'Specific can possible try. Strong bad dream wide. Sit speech table memory size evening president.', '2011-05-23 22:02:36');
INSERT INTO Posts(post_id, user_id, group_id, content, created_at) VALUES (18, 3, 4, 'Those election it decision get represent middle. Just want perform democratic imagine. Term modern teacher read. Show black history.', '2012-10-25 20:10:51');
INSERT INTO Posts(post_id, user_id, event_id, content, created_at) VALUES (19, 3, 4, 'Magazine senior physical together difficult sell stuff middle. Lead experience security send his walk cup structure.', '2017-05-30 09:07:42');
INSERT INTO Posts(post_id, user_id, group_id, content, created_at) VALUES (20, 6, 5, 'Policy huge it perform budget through once. Unit give during. Go case subject information open. Bring system while cold stay. Color couple phone speak two cold state.', '2019-10-12 22:42:38');
INSERT INTO Posts(post_id, user_id, event_id, content, created_at) VALUES (21, 3, 6, 'Improve just trouble sell or building stage. His media letter person. Ready employee century scene late guy. Growth source hard let audience push.', '2015-10-15 10:37:16');
INSERT INTO Posts(post_id, user_id, event_id, content, created_at) VALUES (22, 17, 1, 'Discuss who best bill public. Note that bed court later parent. Wish east technology quality improve own policy follow. Investment site capital culture activity common ready. Fly anything agreement be feel. Thus heart leg enter.', '2010-08-06 03:42:18');
INSERT INTO Posts(post_id, user_id, group_id, content, created_at) VALUES (23, 20, 5, 'Toward positive bill catch. Right across traditional team they nearly. Drug bad society.', '2010-10-02 16:35:49');
INSERT INTO Posts(post_id, user_id, group_id, content, created_at) VALUES (24, 17, 3, 'East why difficult condition. Citizen whether fall both teach.', '2016-12-10 04:27:26');
INSERT INTO Posts(post_id, user_id, group_id, content, created_at) VALUES (25, 20, 4, 'Stock may just may they example. Color help rate defense stuff yet pay. Per process record wonder send company several. Night mission note accept determine. Parent peace party fall spring option.', '2018-09-25 07:44:08');
INSERT INTO Posts(post_id, user_id, event_id, content, created_at) VALUES (26, 15, 9, 'Speak relationship night work discussion scientist travel me. Mean cause own town. Somebody fly office song. Seat long guess.', '2015-08-11 01:11:09');
INSERT INTO Posts(post_id, user_id, event_id, content, created_at) VALUES (27, 17, 8, 'Able report order whose assume particularly. Professor for key there. Until arm will industry. Medical certainly whom statement million live where.', '2013-04-15 11:58:11');
INSERT INTO Posts(post_id, user_id, event_id, content, created_at) VALUES (28, 19, 10, 'Family class bank star wish must. Remain measure trouble tough open tonight. Skin need give outside.', '2017-09-12 13:56:16');
INSERT INTO Posts(post_id, user_id, group_id, content, created_at) VALUES (29, 17, 1, 'Tonight fast however too. Goal under sometimes. Movement street anything trial firm during. Window food me really record.', '2016-03-05 16:01:35');
INSERT INTO Posts(post_id, user_id, event_id, content, created_at) VALUES (30, 20, 1, 'But light accept nearly national. Nothing picture citizen security by eat simply. Lot minute head anyone various keep civil ten. Work marriage her cost.', '2013-04-29 02:36:22');
INSERT INTO Posts(post_id, user_id, event_id, content, created_at) VALUES (31, 1, 10, 'Citizen majority statement keep rich region. From teach international half risk.', '2011-06-26 13:57:11');
INSERT INTO Posts(post_id, user_id, event_id, content, created_at) VALUES (32, 8, 9, 'Operation remember cause network pretty region. Miss ok network member. Training win never health. Chance way blood.', '2011-11-25 22:49:34');
INSERT INTO Posts(post_id, user_id, group_id, content, created_at) VALUES (33, 20, 3, 'Environmental dinner front more buy just. View perform question sea sister exactly. Commercial cost civil most still take what. Create lot foreign. Condition business however none sister.', '2013-09-24 10:40:59');
INSERT INTO Posts(post_id, user_id, group_id, content, created_at) VALUES (34, 24, 1, 'Range create class ago standard TV. Weight prevent sure development federal phone performance. Require benefit analysis here power.', '2014-03-21 19:29:50');
INSERT INTO Posts(post_id, user_id, group_id, content, created_at) VALUES (35, 19, 4, 'Child try cold style. Toward article upon air of enter court. Specific detail open accept. Never friend ten stand. Parent house worker can young military. Your physical money. Official from seat station.', '2011-11-05 15:16:37');
INSERT INTO Posts(post_id, user_id, group_id, content, created_at) VALUES (36, 13, 1, 'Investment usually responsibility start training expect political fast. Relationship tend other main add dog us. Team news still decide happen head. Picture nice line security once.', '2019-08-25 04:17:39');
INSERT INTO Posts(post_id, user_id, group_id, content, created_at) VALUES (37, 12, 2, 'High sit throw my ask week. Television go media foot nature. Nothing like just speech floor. Always cup performance stuff between media. Note others leave information.', '2018-04-02 22:32:59');
INSERT INTO Posts(post_id, user_id, event_id, content, created_at) VALUES (38, 13, 3, 'Eight bank provide kind reduce she. Sound role century PM dinner month reflect. Wonder almost contain. National just computer though something among tonight.', '2013-07-05 03:24:14');
INSERT INTO Posts(post_id, user_id, event_id, content, created_at) VALUES (39, 4, 2, 'Realize summer them knowledge member people. Put level clear. Partner five old season identify. Important contain thus eye stand.', '2013-01-15 14:03:36');
INSERT INTO Posts(post_id, user_id, group_id, content, created_at) VALUES (40, 11, 1, 'Those until blue movement both way special. Use property either card common. Social market pick about. Effort authority tough. Tell relate age activity off learn relate husband.', '2014-12-31 21:11:04');
INSERT INTO Posts(post_id, user_id, event_id, content, created_at) VALUES (41, 9, 1, 'Sport similar explain interview look traditional. Measure fast office sit among reality rule make. Purpose fall per important professional course.', '2014-04-28 20:21:42');
INSERT INTO Posts(post_id, user_id, event_id, content, created_at) VALUES (42, 7, 2, 'Chance pull will suffer would television. What service truth. Father language science teach brother.', '2015-03-20 06:57:11');
INSERT INTO Posts(post_id, user_id, group_id, content, created_at) VALUES (43, 23, 4, 'Hard order several when may. Five number across Republican budget job. Health huge be surface yet skill government. Party father up husband either audience. Industry but beautiful ever nearly mind. Edge sign protect range worker doctor member.', '2010-10-12 09:40:32');
INSERT INTO Posts(post_id, user_id, event_id, content, created_at) VALUES (44, 2, 1, 'Argue support form charge dinner support. How group before shake ok personal. Act generation theory life. Common find of alone heart ever enough. Speech window deal worker dinner. President increase century development human least.', '2012-01-24 07:11:48');
INSERT INTO Posts(post_id, user_id, event_id, content, created_at) VALUES (45, 6, 7, 'Test assume certainly check. Decide region left life certainly. On hundred whom factor always occur.', '2010-11-11 20:33:50');
INSERT INTO Posts(post_id, user_id, group_id, content, created_at) VALUES (46, 19, 2, 'Reach should stay property dream special. Father responsibility training. Most measure politics cell case. Per scene become theory region near resource.', '2017-09-29 19:52:24');
INSERT INTO Posts(post_id, user_id, event_id, content, created_at) VALUES (47, 10, 4, 'I national adult air near. Because direction role computer push bring yeah thus.', '2016-04-13 08:37:56');
INSERT INTO Posts(post_id, user_id, event_id, content, created_at) VALUES (48, 5, 6, 'Parent really central light view effort station. Those family near stay place night. Heart recently but try employee near body size. Edge minute kind protect impact story hundred. Final necessary last purpose.', '2018-08-03 08:10:54');
INSERT INTO Posts(post_id, user_id, event_id, content, created_at) VALUES (49, 9, 9, 'Especially any traditional enjoy item everything. Seek century worry yeah various. Teacher here between heavy to. Step join speak address century cut focus.', '2010-11-11 04:08:32');
INSERT INTO Posts(post_id, user_id, event_id, content, created_at) VALUES (50, 25, 5, 'Among moment only develop hard budget. Per two vote toward road even ok. Town cost off five scene politics. Us protect appear. Everybody section modern concern. Receive friend support let defense.', '2012-12-06 19:45:30');
INSERT INTO isMember(user_id, group_id, member_since) VALUES (10,4,'2016-04-25 13:44:40');
INSERT INTO isMember(user_id, group_id, member_since) VALUES (24,2,'2017-10-20 01:22:07');
INSERT INTO isMember(user_id, group_id, member_since) VALUES (23,1,'2017-09-24 20:03:27');
INSERT INTO isMember(user_id, group_id, member_since) VALUES (14,2,'2012-07-23 12:07:07');
INSERT INTO isMember(user_id, group_id, member_since) VALUES (18,2,'2010-11-04 02:57:43');
INSERT INTO isMember(user_id, group_id, member_since) VALUES (9,2,'2017-03-03 17:24:36');
INSERT INTO isMember(user_id, group_id, member_since) VALUES (12,4,'2015-08-24 23:45:35');
INSERT INTO isMember(user_id, group_id, member_since) VALUES (3,4,'2014-06-20 09:28:17');
INSERT INTO isMember(user_id, group_id, member_since) VALUES (25,3,'2012-09-17 02:56:09');
INSERT INTO isMember(user_id, group_id, member_since) VALUES (25,1,'2019-05-20 07:24:58');
INSERT INTO isMember(user_id, group_id, member_since) VALUES (17,1,'2010-07-29 08:07:06');
INSERT INTO isMember(user_id, group_id, member_since) VALUES (8,1,'2018-07-15 15:34:48');
INSERT INTO isMember(user_id, group_id, member_since) VALUES (10,2,'2017-02-28 22:57:04');
INSERT INTO isMember(user_id, group_id, member_since) VALUES (15,4,'2017-10-23 20:09:46');
INSERT INTO isMember(user_id, group_id, member_since) VALUES (6,5,'2015-11-11 20:36:55');
INSERT INTO isMember(user_id, group_id, member_since) VALUES (9,5,'2016-07-22 14:14:54');
INSERT INTO isMember(user_id, group_id, member_since) VALUES (5,4,'2016-08-25 08:49:29');
INSERT INTO isMember(user_id, group_id, member_since) VALUES (1,5,'2013-02-09 06:52:35');
INSERT INTO isMember(user_id, group_id, member_since) VALUES (25,4,'2012-07-26 16:26:25');
INSERT INTO isMember(user_id, group_id, member_since) VALUES (23,4,'2018-01-14 21:07:09');
INSERT INTO isMember(user_id, group_id, member_since) VALUES (1,2,'2012-05-08 20:43:46');
INSERT INTO isMember(user_id, group_id, member_since) VALUES (9,5,'2016-12-13 22:50:27');
INSERT INTO isMember(user_id, group_id, member_since) VALUES (3,4,'2013-05-13 10:48:06');
INSERT INTO isMember(user_id, group_id, member_since) VALUES (3,5,'2010-11-30 19:56:59');
INSERT INTO isMember(user_id, group_id, member_since) VALUES (18,3,'2015-10-20 11:57:08');
INSERT INTO isMember(user_id, group_id, member_since) VALUES (16,4,'2019-04-18 20:55:08');
INSERT INTO isMember(user_id, group_id, member_since) VALUES (20,5,'2012-05-15 00:16:04');
INSERT INTO isMember(user_id, group_id, member_since) VALUES (7,3,'2016-08-22 07:07:05');
INSERT INTO isMember(user_id, group_id, member_since) VALUES (18,5,'2012-05-08 18:25:53');
INSERT INTO isMember(user_id, group_id, member_since) VALUES (5,1,'2018-12-06 00:14:09');
INSERT INTO isMember(user_id, group_id, member_since) VALUES (7,2,'2019-05-01 11:55:42');
INSERT INTO isMember(user_id, group_id, member_since) VALUES (24,4,'2018-05-30 00:32:15');
INSERT INTO isMember(user_id, group_id, member_since) VALUES (10,3,'2010-11-02 12:17:29');
INSERT INTO isMember(user_id, group_id, member_since) VALUES (15,3,'2018-09-03 14:00:16');
INSERT INTO isMember(user_id, group_id, member_since) VALUES (7,4,'2014-12-25 03:00:02');
INSERT INTO isMember(user_id, group_id, member_since) VALUES (23,1,'2017-03-19 05:13:26');
INSERT INTO isMember(user_id, group_id, member_since) VALUES (16,4,'2014-01-17 09:20:57');
INSERT INTO isMember(user_id, group_id, member_since) VALUES (14,3,'2016-09-17 15:49:28');
INSERT INTO isMember(user_id, group_id, member_since) VALUES (24,4,'2013-10-04 15:49:18');
INSERT INTO isMember(user_id, group_id, member_since) VALUES (7,3,'2018-04-17 13:35:26');
INSERT INTO isMember(user_id, group_id, member_since) VALUES (24,2,'2010-08-27 11:35:00');
INSERT INTO isMember(user_id, group_id, member_since) VALUES (6,5,'2015-05-25 00:06:19');
INSERT INTO isMember(user_id, group_id, member_since) VALUES (12,4,'2012-01-19 13:19:14');
INSERT INTO isMember(user_id, group_id, member_since) VALUES (6,2,'2017-11-28 01:27:46');
INSERT INTO isMember(user_id, group_id, member_since) VALUES (4,5,'2011-12-06 20:20:26');
INSERT INTO isMember(user_id, group_id, member_since) VALUES (15,2,'2019-07-18 01:30:00');
INSERT INTO isMember(user_id, group_id, member_since) VALUES (3,2,'2018-08-29 22:20:29');
INSERT INTO isMember(user_id, group_id, member_since) VALUES (22,3,'2015-04-27 05:08:18');
INSERT INTO isMember(user_id, group_id, member_since) VALUES (14,2,'2018-06-26 04:00:08');
INSERT INTO isMember(user_id, group_id, member_since) VALUES (22,5,'2017-10-25 22:01:36');
INSERT INTO isFriendsWith(user_id, friend_id, created_at) VALUES (4,2,'2014-09-11 00:25:30');
INSERT INTO isFriendsWith(user_id, friend_id, created_at) VALUES (17,25,'2014-04-06 20:43:07');
INSERT INTO isFriendsWith(user_id, friend_id, created_at) VALUES (16,22,'2017-12-11 23:34:59');
INSERT INTO isFriendsWith(user_id, friend_id, created_at) VALUES (5,21,'2017-07-31 14:11:07');
INSERT INTO isFriendsWith(user_id, friend_id, created_at) VALUES (20,15,'2011-07-22 10:55:31');
INSERT INTO isFriendsWith(user_id, friend_id, created_at) VALUES (7,12,'2015-07-30 14:03:05');
INSERT INTO isFriendsWith(user_id, friend_id, created_at) VALUES (1,8,'2017-03-14 06:25:10');
INSERT INTO isFriendsWith(user_id, friend_id, created_at) VALUES (23,3,'2015-03-13 06:27:15');
INSERT INTO isFriendsWith(user_id, friend_id, created_at) VALUES (13,20,'2010-12-22 22:42:16');
INSERT INTO isFriendsWith(user_id, friend_id, created_at) VALUES (16,8,'2013-11-21 05:54:41');
INSERT INTO isFriendsWith(user_id, friend_id, created_at) VALUES (23,22,'2011-07-08 10:47:18');
INSERT INTO isFriendsWith(user_id, friend_id, created_at) VALUES (22,13,'2018-05-10 17:31:39');
INSERT INTO isFriendsWith(user_id, friend_id, created_at) VALUES (11,12,'2018-11-09 02:56:32');
INSERT INTO isFriendsWith(user_id, friend_id, created_at) VALUES (20,17,'2017-05-01 15:12:19');
INSERT INTO isFriendsWith(user_id, friend_id, created_at) VALUES (24,22,'2016-03-17 13:08:09');
INSERT INTO isFriendsWith(user_id, friend_id, created_at) VALUES (13,22,'2014-08-04 02:30:44');
INSERT INTO isFriendsWith(user_id, friend_id, created_at) VALUES (2,8,'2017-03-13 22:21:26');
INSERT INTO isFriendsWith(user_id, friend_id, created_at) VALUES (7,2,'2018-11-05 07:20:02');
INSERT INTO isFriendsWith(user_id, friend_id, created_at) VALUES (5,13,'2013-10-03 14:32:04');
INSERT INTO isFriendsWith(user_id, friend_id, created_at) VALUES (25,7,'2017-01-30 03:10:53');
INSERT INTO isFriendsWith(user_id, friend_id, created_at) VALUES (5,23,'2014-04-08 20:56:18');
INSERT INTO isFriendsWith(user_id, friend_id, created_at) VALUES (1,20,'2012-02-09 13:28:27');
INSERT INTO isFriendsWith(user_id, friend_id, created_at) VALUES (15,21,'2019-09-17 01:31:23');
INSERT INTO isFriendsWith(user_id, friend_id, created_at) VALUES (25,22,'2012-04-03 06:17:50');
INSERT INTO isFriendsWith(user_id, friend_id, created_at) VALUES (25,24,'2013-08-11 02:05:53');
INSERT INTO isFriendsWith(user_id, friend_id, created_at) VALUES (14,23,'2017-06-30 03:22:06');
INSERT INTO isFriendsWith(user_id, friend_id, created_at) VALUES (21,24,'2010-11-29 04:17:51');
INSERT INTO isFriendsWith(user_id, friend_id, created_at) VALUES (13,20,'2015-07-15 12:40:34');
INSERT INTO isFriendsWith(user_id, friend_id, created_at) VALUES (17,4,'2018-09-21 16:14:57');
INSERT INTO isFriendsWith(user_id, friend_id, created_at) VALUES (4,18,'2014-04-17 09:40:06');
INSERT INTO isFriendsWith(user_id, friend_id, created_at) VALUES (5,2,'2014-06-02 02:40:00');
INSERT INTO isFriendsWith(user_id, friend_id, created_at) VALUES (1,7,'2016-10-15 12:25:24');
INSERT INTO isFriendsWith(user_id, friend_id, created_at) VALUES (23,24,'2010-11-15 14:07:26');
INSERT INTO isFriendsWith(user_id, friend_id, created_at) VALUES (17,5,'2014-03-04 15:37:53');
INSERT INTO isFriendsWith(user_id, friend_id, created_at) VALUES (17,1,'2014-03-25 22:37:59');
INSERT INTO isFriendsWith(user_id, friend_id, created_at) VALUES (9,19,'2014-07-29 04:52:35');
INSERT INTO isFriendsWith(user_id, friend_id, created_at) VALUES (25,19,'2015-09-14 21:18:04');
INSERT INTO isFriendsWith(user_id, friend_id, created_at) VALUES (19,21,'2014-08-24 09:16:33');
INSERT INTO isFriendsWith(user_id, friend_id, created_at) VALUES (16,12,'2014-08-09 02:53:02');
INSERT INTO isFriendsWith(user_id, friend_id, created_at) VALUES (16,13,'2013-05-27 10:09:59');
INSERT INTO isFriendsWith(user_id, friend_id, created_at) VALUES (9,6,'2015-02-27 05:41:23');
INSERT INTO isFriendsWith(user_id, friend_id, created_at) VALUES (15,12,'2019-02-08 12:58:43');
INSERT INTO isFriendsWith(user_id, friend_id, created_at) VALUES (10,4,'2016-07-19 15:45:44');
INSERT INTO isFriendsWith(user_id, friend_id, created_at) VALUES (17,18,'2015-07-09 15:34:28');
INSERT INTO isFriendsWith(user_id, friend_id, created_at) VALUES (17,25,'2013-01-09 06:58:02');
INSERT INTO isFriendsWith(user_id, friend_id, created_at) VALUES (5,11,'2019-02-14 14:31:29');
INSERT INTO isFriendsWith(user_id, friend_id, created_at) VALUES (6,1,'2010-04-21 13:37:48');
INSERT INTO isFriendsWith(user_id, friend_id, created_at) VALUES (13,12,'2012-01-21 04:15:37');
INSERT INTO isFriendsWith(user_id, friend_id, created_at) VALUES (10,2,'2014-07-16 21:04:42');
INSERT INTO isFriendsWith(user_id, friend_id, created_at) VALUES (18,20,'2011-01-27 06:40:45');
INSERT INTO leavesComment(comment_id, post_id, user_id, content, created_at) VALUES (1,15,14,'Out compare pressure friend cell. Start take audience institution simply act. Congress more himself trade smile.', '2013-01-20 12:40:57');
INSERT INTO leavesComment(comment_id, post_id, user_id, content, created_at) VALUES (2,13,8,'Task until worker. Organization strong third black. Defense effect our product feel. End what consider price. Experience participant candidate safe goal. Talk close already sister individual officer least.', '2018-07-06 04:27:15');
INSERT INTO leavesComment(comment_id, post_id, user_id, content, created_at) VALUES (3,32,18,'Like third class explain treat sea. Trade marriage meeting success. Song morning meet wonder pretty at watch. Machine anyone something mean travel now quickly. Budget say write sign picture bank. Especially affect others speech great everybody might size. Institution allow ten smile century Congress good.', '2018-11-14 12:09:53');
INSERT INTO leavesComment(comment_id, post_id, user_id, content, created_at) VALUES (4,40,15,'Consumer lay quickly contain check.', '2017-05-29 12:22:09');
INSERT INTO leavesComment(comment_id, post_id, user_id, content, created_at) VALUES (5,20,16,'Else person fight something drive. Provide book across clearly. City according carry career the. Give member memory.', '2012-07-09 07:19:37');
INSERT INTO leavesComment(comment_id, post_id, user_id, content, created_at) VALUES (6,13,23,'Theory bill personal writer. Mean power factor art mother interesting since. Different begin human best left miss.', '2014-09-06 01:08:29');
INSERT INTO leavesComment(comment_id, post_id, user_id, content, created_at) VALUES (7,3,13,'Truth actually speech exist political.', '2014-05-09 14:17:14');
INSERT INTO leavesComment(comment_id, post_id, user_id, content, created_at) VALUES (8,30,1,'Cost move throw open deep public. Until today child bed. Range better send huge sound. Network must hour society main. Always above break.', '2011-03-29 09:50:38');
INSERT INTO leavesComment(comment_id, post_id, user_id, content, created_at) VALUES (9,43,12,'Approach free do step strategy. Against responsibility term culture.', '2011-11-21 01:07:57');
INSERT INTO leavesComment(comment_id, post_id, user_id, content, created_at) VALUES (10,44,10,'Control politics democratic available where maybe plant floor.', '2015-03-10 06:11:31');
INSERT INTO leavesComment(comment_id, post_id, user_id, content, created_at) VALUES (11,20,2,'Trip someone wind contain serve edge. Allow painting low himself dream meet improve.', '2014-05-03 09:16:09');
INSERT INTO leavesComment(comment_id, post_id, user_id, content, created_at) VALUES (12,22,25,'Hospital happen century in into forget yourself.', '2013-04-14 07:02:59');
INSERT INTO leavesComment(comment_id, post_id, user_id, content, created_at) VALUES (13,41,17,'Value technology right country local also. Vote argue party for. Knowledge kid design morning.', '2015-05-12 11:17:50');
INSERT INTO leavesComment(comment_id, post_id, user_id, content, created_at) VALUES (14,33,4,'Boy challenge say read share war.', '2010-12-18 07:44:13');
INSERT INTO leavesComment(comment_id, post_id, user_id, content, created_at) VALUES (15,45,24,'Floor notice under. Know evidence answer medical. Teach important range participant.', '2013-10-31 07:10:43');
INSERT INTO leavesComment(comment_id, post_id, user_id, content, created_at) VALUES (16,32,21,'Dream stay student camera. Claim year but good. Finish food my crime dark eight shoulder.', '2011-04-04 15:28:13');
INSERT INTO leavesComment(comment_id, post_id, user_id, content, created_at) VALUES (17,44,18,'State world plant three. Class represent send network but road article.', '2018-12-27 02:35:44');
INSERT INTO leavesComment(comment_id, post_id, user_id, content, created_at) VALUES (18,30,1,'Majority paper prevent defense those government wind anyone.', '2014-06-20 12:15:37');
INSERT INTO leavesComment(comment_id, post_id, user_id, content, created_at) VALUES (19,32,14,'Worry morning next history reality heavy. Goal evidence human. What seem team college turn. Six six short agree assume likely present. World day fact put at pull north.', '2010-08-06 06:31:03');
INSERT INTO leavesComment(comment_id, post_id, user_id, content, created_at) VALUES (20,8,6,'Network focus position adult behavior. Middle city seek campaign sister ability similar. For by reduce range. Bed station military old chair.', '2014-11-05 08:30:36');
INSERT INTO leavesComment(comment_id, post_id, user_id, content, created_at) VALUES (21,8,15,'Receive meeting generation inside meeting yeah.', '2013-01-19 18:10:26');
INSERT INTO leavesComment(comment_id, post_id, user_id, content, created_at) VALUES (22,10,4,'Grow much board. Standard data can crime remain reveal everything.', '2014-10-25 04:09:09');
INSERT INTO leavesComment(comment_id, post_id, user_id, content, created_at) VALUES (23,35,6,'Single feeling little southern. Activity again increase light particular.', '2019-10-28 02:34:54');
INSERT INTO leavesComment(comment_id, post_id, user_id, content, created_at) VALUES (24,42,4,'Occur agree total their situation bank young camera.', '2018-04-17 06:30:35');
INSERT INTO leavesComment(comment_id, post_id, user_id, content, created_at) VALUES (25,27,9,'Like approach feeling but general good new.', '2018-05-09 23:49:52');
INSERT INTO leavesComment(comment_id, post_id, user_id, content, created_at) VALUES (26,41,5,'Quite she far defense certainly cultural. Peace ten environment knowledge. Candidate million early million west role.', '2016-12-18 09:18:57');
INSERT INTO leavesComment(comment_id, post_id, user_id, content, created_at) VALUES (27,49,10,'Return American country field and. Follow see institution street four so. Enter explain large chance body. Remember last human among agent necessary.', '2013-04-12 03:17:21');
INSERT INTO leavesComment(comment_id, post_id, user_id, content, created_at) VALUES (28,5,18,'Need turn decision time economy upon. Rich open first teacher sit.', '2013-01-08 08:53:01');
INSERT INTO leavesComment(comment_id, post_id, user_id, content, created_at) VALUES (29,49,18,'Nation travel eat far natural write. Break draw visit general generation prevent out. Fear tree administration seek moment test office. Show pay side line.', '2018-02-25 13:28:24');
INSERT INTO leavesComment(comment_id, post_id, user_id, content, created_at) VALUES (30,20,10,'Career month early charge my.', '2013-11-10 16:27:38');
INSERT INTO leavesComment(comment_id, post_id, user_id, content, created_at) VALUES (31,32,19,'Tonight know quickly mission able. Group special word style.', '2015-06-30 20:02:32');
INSERT INTO leavesComment(comment_id, post_id, user_id, content, created_at) VALUES (32,12,7,'Join movement either human loss try church.', '2014-11-30 03:03:53');
INSERT INTO leavesComment(comment_id, post_id, user_id, content, created_at) VALUES (33,2,8,'Quickly expert great finish. Idea short eight foreign. No trouble mind mean debate care themselves than. Make any almost sport song sense. Purpose push let officer also.', '2010-04-11 08:49:15');
INSERT INTO leavesComment(comment_id, post_id, user_id, content, created_at) VALUES (34,45,5,'Action million situation. Certainly campaign body require military action.', '2017-01-02 18:57:18');
INSERT INTO leavesComment(comment_id, post_id, user_id, content, created_at) VALUES (35,48,18,'Style party exactly outside employee.', '2012-04-17 18:53:18');
INSERT INTO leavesComment(comment_id, post_id, user_id, content, created_at) VALUES (36,43,4,'Join current quickly. Would difficult meet wait. Baby likely bad individual animal share.', '2019-05-26 04:32:13');
INSERT INTO leavesComment(comment_id, post_id, user_id, content, created_at) VALUES (37,41,18,'On arrive light cultural work. Wife sell put. Policy life from field force culture. It paper win skin catch. Maintain including stay leave point author century window.', '2018-09-14 17:13:33');
INSERT INTO leavesComment(comment_id, post_id, user_id, content, created_at) VALUES (38,36,20,'Keep enough decision building before. Serve herself serve mouth yeah teach center. Best understand skill front. Film next member instead.', '2015-02-11 16:53:16');
INSERT INTO leavesComment(comment_id, post_id, user_id, content, created_at) VALUES (39,24,13,'Poor call off someone. Federal agreement at next.', '2010-09-17 15:43:48');
INSERT INTO leavesComment(comment_id, post_id, user_id, content, created_at) VALUES (40,21,23,'Instead gun at lead pick. Thank arm sister few Congress thousand.', '2016-06-24 09:45:16');
INSERT INTO leavesComment(comment_id, post_id, user_id, content, created_at) VALUES (41,21,12,'Travel write prepare plant law would.', '2017-10-28 04:19:55');
INSERT INTO leavesComment(comment_id, post_id, user_id, content, created_at) VALUES (42,31,21,'System sister choice. Behind main lot.', '2016-01-01 15:40:26');
INSERT INTO leavesComment(comment_id, post_id, user_id, content, created_at) VALUES (43,10,25,'Style character data other. Less describe security seat personal.', '2012-10-05 14:17:29');
INSERT INTO leavesComment(comment_id, post_id, user_id, content, created_at) VALUES (44,38,24,'Bank old wish answer.', '2019-08-22 15:01:21');
INSERT INTO leavesComment(comment_id, post_id, user_id, content, created_at) VALUES (45,41,5,'One increase week such answer general. Several wrong or campaign face. Become over key north. Wide player edge commercial. Worry or finally meet.', '2011-07-20 07:28:35');
INSERT INTO leavesComment(comment_id, post_id, user_id, content, created_at) VALUES (46,3,4,'Level letter current compare exist of suddenly TV. Defense task boy last wide girl long. Employee despite control here stage. Husband popular marriage listen tonight. Trade go market reason.', '2016-10-27 19:29:55');
INSERT INTO leavesComment(comment_id, post_id, user_id, content, created_at) VALUES (47,35,22,'Both west in team go grow less.', '2016-07-18 19:29:35');
INSERT INTO leavesComment(comment_id, post_id, user_id, content, created_at) VALUES (48,2,4,'He scene body year. Who sport difficult become person garden drug.', '2019-04-04 14:07:06');
INSERT INTO leavesComment(comment_id, post_id, user_id, content, created_at) VALUES (49,34,2,'Since lot since participant. Ask necessary return every about health. Strategy threat area for about. Anything opportunity evening ok past nation feeling outside.', '2011-11-09 11:52:04');
INSERT INTO leavesComment(comment_id, post_id, user_id, content, created_at) VALUES (50,7,8,'Table deal right quickly dog. Expect institution design point.', '2014-04-11 06:06:54');
INSERT INTO User_to_Interest(user_id, interest_id, created_at) VALUES (4, 6, '2013-06-17 21:40:57');
INSERT INTO User_to_Interest(user_id, interest_id, created_at) VALUES (4, 3, '2014-04-28 00:43:37');
INSERT INTO User_to_Interest(user_id, interest_id, created_at) VALUES (24, 3, '2011-11-28 23:42:48');
INSERT INTO Event_to_Interest(event_id, interest_id) VALUES (1, 5);
INSERT INTO User_to_Interest(user_id, interest_id, created_at) VALUES (24, 10, '2018-12-02 05:04:27');
INSERT INTO User_to_Interest(user_id, interest_id, created_at) VALUES (20, 8, '2012-02-15 04:57:35');
INSERT INTO Interest_to_Interest(interest_id, related_interest_id, degree) VALUES (7, 9, 5);
INSERT INTO User_to_Interest(user_id, interest_id, created_at) VALUES (15, 1, '2014-06-02 00:33:21');
INSERT INTO User_to_Interest(user_id, interest_id, created_at) VALUES (20, 3, '2016-08-31 08:30:26');
INSERT INTO User_to_Interest(user_id, interest_id, created_at) VALUES (25, 6, '2013-12-29 21:16:04');
INSERT INTO Group_to_Interest(group_id, interest_id) VALUES (5, 8);
INSERT INTO User_to_Interest(user_id, interest_id, created_at) VALUES (9, 3, '2015-02-07 20:08:38');
INSERT INTO User_to_Interest(user_id, interest_id, created_at) VALUES (18, 8, '2012-10-19 19:51:06');
INSERT INTO User_to_Interest(user_id, interest_id, created_at) VALUES (19, 7, '2012-03-26 03:18:20');
INSERT INTO Interest_to_Interest(interest_id, related_interest_id, degree) VALUES (9, 4, 2);
INSERT INTO Group_to_Interest(group_id, interest_id) VALUES (4, 7);
INSERT INTO User_to_Interest(user_id, interest_id, created_at) VALUES (17, 6, '2013-01-31 00:39:45');
INSERT INTO Interest_to_Interest(interest_id, related_interest_id, degree) VALUES (8, 6, 3);
INSERT INTO Event_to_Interest(event_id, interest_id) VALUES (2, 4);
INSERT INTO User_to_Interest(user_id, interest_id, created_at) VALUES (19, 5, '2015-03-30 21:04:04');
INSERT INTO User_to_Interest(user_id, interest_id, created_at) VALUES (20, 9, '2010-04-06 08:59:32');
INSERT INTO User_to_Interest(user_id, interest_id, created_at) VALUES (23, 4, '2016-01-25 00:40:07');
INSERT INTO Group_to_Interest(group_id, interest_id) VALUES (4, 4);
INSERT INTO Event_to_Interest(event_id, interest_id) VALUES (1, 4);
INSERT INTO Interest_to_Interest(interest_id, related_interest_id, degree) VALUES (6, 3, 2);
INSERT INTO User_to_Interest(user_id, interest_id, created_at) VALUES (8, 4, '2012-03-06 07:19:02');
INSERT INTO Group_to_Interest(group_id, interest_id) VALUES (5, 2);
INSERT INTO User_to_Interest(user_id, interest_id, created_at) VALUES (18, 2, '2015-05-08 02:53:06');
INSERT INTO Group_to_Interest(group_id, interest_id) VALUES (4, 10);
INSERT INTO Event_to_Interest(event_id, interest_id) VALUES (2, 6);
INSERT INTO User_to_Interest(user_id, interest_id, created_at) VALUES (4, 8, '2016-12-03 08:02:47');
INSERT INTO User_to_Interest(user_id, interest_id, created_at) VALUES (3, 10, '2018-09-27 17:58:57');
INSERT INTO User_to_Interest(user_id, interest_id, created_at) VALUES (16, 4, '2012-08-09 10:51:38');
INSERT INTO User_to_Interest(user_id, interest_id, created_at) VALUES (2, 6, '2014-10-05 15:18:02');
INSERT INTO Event_to_Interest(event_id, interest_id) VALUES (8, 6);
INSERT INTO Group_to_Interest(group_id, interest_id) VALUES (2, 3);
INSERT INTO User_to_Interest(user_id, interest_id, created_at) VALUES (9, 3, '2015-09-07 17:50:27');
INSERT INTO User_to_Interest(user_id, interest_id, created_at) VALUES (1, 5, '2018-09-15 16:30:28');
INSERT INTO Group_to_Interest(group_id, interest_id) VALUES (4, 4);
INSERT INTO User_to_Interest(user_id, interest_id, created_at) VALUES (10, 9, '2011-08-23 21:14:59');
INSERT INTO User_to_Interest(user_id, interest_id, created_at) VALUES (18, 7, '2013-03-20 11:03:54');
INSERT INTO Event_to_Interest(event_id, interest_id) VALUES (8, 6);
INSERT INTO Group_to_Interest(group_id, interest_id) VALUES (5, 6);
INSERT INTO User_to_Interest(user_id, interest_id, created_at) VALUES (16, 7, '2012-12-23 17:02:54');
INSERT INTO User_to_Interest(user_id, interest_id, created_at) VALUES (13, 3, '2010-02-03 21:23:36');
INSERT INTO User_to_Interest(user_id, interest_id, created_at) VALUES (23, 3, '2019-06-24 14:49:57');
INSERT INTO User_to_Interest(user_id, interest_id, created_at) VALUES (4, 1, '2013-10-04 12:27:57');
INSERT INTO Group_to_Interest(group_id, interest_id) VALUES (4, 4);
INSERT INTO Event_to_Interest(event_id, interest_id) VALUES (9, 5);
INSERT INTO Interest_to_Interest(interest_id, related_interest_id, degree) VALUES (9, 8, 3);
INSERT INTO Group_to_Interest(group_id, interest_id) VALUES (3, 4);
INSERT INTO Group_to_Interest(group_id, interest_id) VALUES (1, 5);
INSERT INTO User_to_Interest(user_id, interest_id, created_at) VALUES (4, 3, '2018-07-02 17:57:35');
INSERT INTO Event_to_Interest(event_id, interest_id) VALUES (7, 5);
INSERT INTO User_to_Interest(user_id, interest_id, created_at) VALUES (6, 6, '2015-03-27 00:17:29');
INSERT INTO Event_to_Interest(event_id, interest_id) VALUES (10, 7);
INSERT INTO Event_to_Interest(event_id, interest_id) VALUES (9, 9);
INSERT INTO User_to_Interest(user_id, interest_id, created_at) VALUES (22, 7, '2017-01-10 02:36:11');
INSERT INTO User_to_Interest(user_id, interest_id, created_at) VALUES (8, 9, '2012-04-15 22:51:06');
INSERT INTO Interest_to_Interest(interest_id, related_interest_id, degree) VALUES (1, 8, 9);
INSERT INTO Group_to_Interest(group_id, interest_id) VALUES (5, 4);
INSERT INTO User_to_Interest(user_id, interest_id, created_at) VALUES (3, 10, '2011-04-23 21:33:31');
INSERT INTO Event_to_Interest(event_id, interest_id) VALUES (5, 7);
INSERT INTO User_to_Interest(user_id, interest_id, created_at) VALUES (7, 9, '2015-10-15 07:35:53');
INSERT INTO Group_to_Interest(group_id, interest_id) VALUES (3, 6);
INSERT INTO Event_to_Interest(event_id, interest_id) VALUES (8, 2);
INSERT INTO User_to_Interest(user_id, interest_id, created_at) VALUES (1, 8, '2016-11-07 03:48:23');
INSERT INTO User_to_Interest(user_id, interest_id, created_at) VALUES (24, 2, '2019-09-14 00:04:55');
INSERT INTO User_to_Interest(user_id, interest_id, created_at) VALUES (13, 9, '2013-06-28 05:37:59');
INSERT INTO User_to_Interest(user_id, interest_id, created_at) VALUES (18, 6, '2017-10-16 06:20:24');
INSERT INTO Group_to_Interest(group_id, interest_id) VALUES (1, 3);
INSERT INTO User_to_Interest(user_id, interest_id, created_at) VALUES (18, 6, '2010-07-05 04:52:12');
INSERT INTO User_to_Interest(user_id, interest_id, created_at) VALUES (18, 2, '2017-07-05 08:04:26');
INSERT INTO User_to_Interest(user_id, interest_id, created_at) VALUES (25, 1, '2015-03-11 05:19:51');
INSERT INTO User_to_Interest(user_id, interest_id, created_at) VALUES (17, 7, '2017-01-08 12:21:46');
INSERT INTO User_to_Interest(user_id, interest_id, created_at) VALUES (10, 1, '2018-08-15 11:25:32');
INSERT INTO Group_to_Interest(group_id, interest_id) VALUES (1, 4);
INSERT INTO User_to_Interest(user_id, interest_id, created_at) VALUES (5, 4, '2017-10-29 05:27:31');
INSERT INTO Interest_to_Interest(interest_id, related_interest_id, degree) VALUES (4, 3, 3);
INSERT INTO User_to_Interest(user_id, interest_id, created_at) VALUES (17, 1, '2016-06-09 00:44:20');
INSERT INTO User_to_Interest(user_id, interest_id, created_at) VALUES (24, 3, '2019-09-29 19:25:26');
INSERT INTO Interest_to_Interest(interest_id, related_interest_id, degree) VALUES (2, 1, 3);
INSERT INTO User_to_Interest(user_id, interest_id, created_at) VALUES (6, 7, '2012-01-15 16:03:37');
INSERT INTO Interest_to_Interest(interest_id, related_interest_id, degree) VALUES (8, 7, 2);
INSERT INTO User_to_Interest(user_id, interest_id, created_at) VALUES (6, 7, '2014-07-07 05:06:30');
INSERT INTO User_to_Interest(user_id, interest_id, created_at) VALUES (15, 9, '2016-12-26 20:18:49');
INSERT INTO Group_to_Interest(group_id, interest_id) VALUES (3, 1);
INSERT INTO User_to_Interest(user_id, interest_id, created_at) VALUES (21, 5, '2014-10-31 10:17:20');
INSERT INTO User_to_Interest(user_id, interest_id, created_at) VALUES (10, 7, '2017-12-30 19:42:07');
INSERT INTO Event_to_Interest(event_id, interest_id) VALUES (7, 1);
INSERT INTO User_to_Interest(user_id, interest_id, created_at) VALUES (19, 3, '2012-06-03 01:08:49');
INSERT INTO Event_to_Interest(event_id, interest_id) VALUES (9, 5);
INSERT INTO Event_to_Interest(event_id, interest_id) VALUES (6, 7);
INSERT INTO User_to_Interest(user_id, interest_id, created_at) VALUES (22, 3, '2012-08-24 02:46:04');
INSERT INTO User_to_Interest(user_id, interest_id, created_at) VALUES (25, 6, '2014-11-14 09:24:00');
INSERT INTO User_to_Interest(user_id, interest_id, created_at) VALUES (7, 10, '2012-04-02 04:43:09');
INSERT INTO Group_to_Interest(group_id, interest_id) VALUES (3, 6);
INSERT INTO Event_to_Interest(event_id, interest_id) VALUES (7, 7);
INSERT INTO User_to_Interest(user_id, interest_id, created_at) VALUES (22, 7, '2019-11-03 09:50:12');
INSERT INTO User_to_Interest(user_id, interest_id, created_at) VALUES (1, 2, '2012-05-19 21:13:40');
